Name,Price,Ratings,Reviews,Product URL,Image URL
acer,769.,4.3 out of 5 stars,Products highlighted as 'Overall Pick' are:,https://www.amazon.com/i7-13620H-Processor-GeForce-Display-ANV15-51-73B9/dp/B0CMRGBXM9/ref=sr_1_1?dib=eyJ2IjoiMSJ9.QCbdaREb2EY-qWgubp3YFGQj3McpTHw70nZqgHwzETgFRg-GEaSYdRcZEsBKaR-VPxQvyCiTCrLb_yzxBeQoUvFPxz7Ep6XmOkwW3jmzBqAHCwNHTqRk-8JkBFKZ9SHzKzuOm0cZY4XcIM6m-FJXs9kNVs4uX7cJbcn97zjYrWK_KIBDfQ9M3hwylGTNcNEOLL9EHoGW-MtlKEWEVcxxnuzPJR5VA0by42aIiIB1FFY.N21FdSA4PGU4nqjtS1h64U5oD662nSxlmucAoVqUhNk&dib_tag=se&keywords=acer&qid=1737872867&sr=8-1,https://m.media-amazon.com/images/I/71F-Wcriq4L._AC_UY218_.jpg
acer,329.,4.2 out of 5 stars,"3,045",https://www.amazon.com/A315-24P-R7VH-Display-Quad-Core-Processor-Graphics/dp/B0BS4BP8FB/ref=sr_1_2?dib=eyJ2IjoiMSJ9.QCbdaREb2EY-qWgubp3YFGQj3McpTHw70nZqgHwzETgFRg-GEaSYdRcZEsBKaR-VPxQvyCiTCrLb_yzxBeQoUvFPxz7Ep6XmOkwW3jmzBqAHCwNHTqRk-8JkBFKZ9SHzKzuOm0cZY4XcIM6m-FJXs9kNVs4uX7cJbcn97zjYrWK_KIBDfQ9M3hwylGTNcNEOLL9EHoGW-MtlKEWEVcxxnuzPJR5VA0by42aIiIB1FFY.N21FdSA4PGU4nqjtS1h64U5oD662nSxlmucAoVqUhNk&dib_tag=se&keywords=acer&qid=1737872867&sr=8-2,https://m.media-amazon.com/images/I/61gKkYQn6lL._AC_UY218_.jpg
acer,529.,4.2 out of 5 stars,"1,600",https://www.amazon.com/1920x1080-i5-13420H-Graphics-Protective-A515-58PT-50UJ/dp/B0CV62R75W/ref=sr_1_3?dib=eyJ2IjoiMSJ9.QCbdaREb2EY-qWgubp3YFGQj3McpTHw70nZqgHwzETgFRg-GEaSYdRcZEsBKaR-VPxQvyCiTCrLb_yzxBeQoUvFPxz7Ep6XmOkwW3jmzBqAHCwNHTqRk-8JkBFKZ9SHzKzuOm0cZY4XcIM6m-FJXs9kNVs4uX7cJbcn97zjYrWK_KIBDfQ9M3hwylGTNcNEOLL9EHoGW-MtlKEWEVcxxnuzPJR5VA0by42aIiIB1FFY.N21FdSA4PGU4nqjtS1h64U5oD662nSxlmucAoVqUhNk&dib_tag=se&keywords=acer&qid=1737872867&sr=8-3,https://m.media-amazon.com/images/I/71RkN3WRIBL._AC_UY218_.jpg
Acer,,4.2 out of 5 stars,71,https://www.amazon.com/acer-Aspire-Processor-DealExpress-Accessories/dp/B0CZHHL8PV/ref=sr_1_4?dib=eyJ2IjoiMSJ9.QCbdaREb2EY-qWgubp3YFGQj3McpTHw70nZqgHwzETgFRg-GEaSYdRcZEsBKaR-VPxQvyCiTCrLb_yzxBeQoUvFPxz7Ep6XmOkwW3jmzBqAHCwNHTqRk-8JkBFKZ9SHzKzuOm0cZY4XcIM6m-FJXs9kNVs4uX7cJbcn97zjYrWK_KIBDfQ9M3hwylGTNcNEOLL9EHoGW-MtlKEWEVcxxnuzPJR5VA0by42aIiIB1FFY.N21FdSA4PGU4nqjtS1h64U5oD662nSxlmucAoVqUhNk&dib_tag=se&keywords=acer&qid=1737872867&sr=8-4,https://m.media-amazon.com/images/I/61gtA51qlDL._AC_UY218_.jpg
acer,679.,4.3 out of 5 stars,"1,310",https://www.amazon.com/i5-13420H-Processor-GeForce-Display-ANV15-51-51H9/dp/B0CP8D4SM2/ref=sr_1_5?dib=eyJ2IjoiMSJ9.QCbdaREb2EY-qWgubp3YFGQj3McpTHw70nZqgHwzETgFRg-GEaSYdRcZEsBKaR-VPxQvyCiTCrLb_yzxBeQoUvFPxz7Ep6XmOkwW3jmzBqAHCwNHTqRk-8JkBFKZ9SHzKzuOm0cZY4XcIM6m-FJXs9kNVs4uX7cJbcn97zjYrWK_KIBDfQ9M3hwylGTNcNEOLL9EHoGW-MtlKEWEVcxxnuzPJR5VA0by42aIiIB1FFY.N21FdSA4PGU4nqjtS1h64U5oD662nSxlmucAoVqUhNk&dib_tag=se&keywords=acer&qid=1737872867&sr=8-5,https://m.media-amazon.com/images/I/71F-Wcriq4L._AC_UY218_.jpg
acer,199.,4.4 out of 5 stars,"10,371",https://www.amazon.com/acer-Gateway-Chromebook-CBO311-1H-C1MX-802-11ac/dp/B0D33NC672/ref=sr_1_6?dib=eyJ2IjoiMSJ9.QCbdaREb2EY-qWgubp3YFGQj3McpTHw70nZqgHwzETgFRg-GEaSYdRcZEsBKaR-VPxQvyCiTCrLb_yzxBeQoUvFPxz7Ep6XmOkwW3jmzBqAHCwNHTqRk-8JkBFKZ9SHzKzuOm0cZY4XcIM6m-FJXs9kNVs4uX7cJbcn97zjYrWK_KIBDfQ9M3hwylGTNcNEOLL9EHoGW-MtlKEWEVcxxnuzPJR5VA0by42aIiIB1FFY.N21FdSA4PGU4nqjtS1h64U5oD662nSxlmucAoVqUhNk&dib_tag=se&keywords=acer&qid=1737872867&sr=8-6,https://m.media-amazon.com/images/I/61s7XxkIC5L._AC_UY218_.jpg
"19V 3.42A Laptop Charger, 65W Replacement Power Cord & AC Adapter Supply Copmatible with Aspire 5 3 1 / Spin 3 / N20c5 Chromebook C738T C740 Swift 3 Laptop (Cord Tip : (3.0mm Outer x 1.1mm Inner))",,4.3 out of 5 stars,15,https://www.amazon.com/Replacement-Cord-Copmatible-Chromebook-Tip/dp/B0DDKL5TDZ/ref=sr_1_7?dib=eyJ2IjoiMSJ9.QCbdaREb2EY-qWgubp3YFGQj3McpTHw70nZqgHwzETgFRg-GEaSYdRcZEsBKaR-VPxQvyCiTCrLb_yzxBeQoUvFPxz7Ep6XmOkwW3jmzBqAHCwNHTqRk-8JkBFKZ9SHzKzuOm0cZY4XcIM6m-FJXs9kNVs4uX7cJbcn97zjYrWK_KIBDfQ9M3hwylGTNcNEOLL9EHoGW-MtlKEWEVcxxnuzPJR5VA0by42aIiIB1FFY.N21FdSA4PGU4nqjtS1h64U5oD662nSxlmucAoVqUhNk&dib_tag=se&keywords=acer&qid=1737872867&sr=8-7,https://m.media-amazon.com/images/I/610uIoDiW3L._AC_UY218_.jpg
acer,179.,4.4 out of 5 stars,"1,579",https://www.amazon.com/Acer-Monitor-FreeSync-Premium-M3bmiiprx/dp/B0C4Z8RFY9/ref=sr_1_8?dib=eyJ2IjoiMSJ9.QCbdaREb2EY-qWgubp3YFGQj3McpTHw70nZqgHwzETgFRg-GEaSYdRcZEsBKaR-VPxQvyCiTCrLb_yzxBeQoUvFPxz7Ep6XmOkwW3jmzBqAHCwNHTqRk-8JkBFKZ9SHzKzuOm0cZY4XcIM6m-FJXs9kNVs4uX7cJbcn97zjYrWK_KIBDfQ9M3hwylGTNcNEOLL9EHoGW-MtlKEWEVcxxnuzPJR5VA0by42aIiIB1FFY.N21FdSA4PGU4nqjtS1h64U5oD662nSxlmucAoVqUhNk&dib_tag=se&keywords=acer&qid=1737872867&sr=8-8,https://m.media-amazon.com/images/I/81WcXnYjaFL._AC_UY218_.jpg
acer,,4.3 out of 5 stars,58,https://www.amazon.com/Acer-Chromebook-Celeron-Graphics-CB315-4H-C8XU/dp/B09XY1R1DR/ref=sr_1_9?dib=eyJ2IjoiMSJ9.QCbdaREb2EY-qWgubp3YFGQj3McpTHw70nZqgHwzETgFRg-GEaSYdRcZEsBKaR-VPxQvyCiTCrLb_yzxBeQoUvFPxz7Ep6XmOkwW3jmzBqAHCwNHTqRk-8JkBFKZ9SHzKzuOm0cZY4XcIM6m-FJXs9kNVs4uX7cJbcn97zjYrWK_KIBDfQ9M3hwylGTNcNEOLL9EHoGW-MtlKEWEVcxxnuzPJR5VA0by42aIiIB1FFY.N21FdSA4PGU4nqjtS1h64U5oD662nSxlmucAoVqUhNk&dib_tag=se&keywords=acer&qid=1737872867&sr=8-9,https://m.media-amazon.com/images/I/71Y8BBXth9L._AC_UY218_.jpg
acer,109.,4.5 out of 5 stars,"2,775",https://www.amazon.com/Acer-Monitor-FreeSync-Technology-ZeroFrame/dp/B0B6DFG1FQ/ref=sr_1_10?dib=eyJ2IjoiMSJ9.QCbdaREb2EY-qWgubp3YFGQj3McpTHw70nZqgHwzETgFRg-GEaSYdRcZEsBKaR-VPxQvyCiTCrLb_yzxBeQoUvFPxz7Ep6XmOkwW3jmzBqAHCwNHTqRk-8JkBFKZ9SHzKzuOm0cZY4XcIM6m-FJXs9kNVs4uX7cJbcn97zjYrWK_KIBDfQ9M3hwylGTNcNEOLL9EHoGW-MtlKEWEVcxxnuzPJR5VA0by42aIiIB1FFY.N21FdSA4PGU4nqjtS1h64U5oD662nSxlmucAoVqUhNk&dib_tag=se&keywords=acer&qid=1737872867&sr=8-10,https://m.media-amazon.com/images/I/71yo3bmyBnL._AC_UY218_.jpg
acer,769.,4.2 out of 5 stars,330,https://www.amazon.com/acer-Display-Experiences-Processor-SFG14-72T-718K/dp/B0CNDTGC77/ref=sr_1_11?dib=eyJ2IjoiMSJ9.QCbdaREb2EY-qWgubp3YFGQj3McpTHw70nZqgHwzETgFRg-GEaSYdRcZEsBKaR-VPxQvyCiTCrLb_yzxBeQoUvFPxz7Ep6XmOkwW3jmzBqAHCwNHTqRk-8JkBFKZ9SHzKzuOm0cZY4XcIM6m-FJXs9kNVs4uX7cJbcn97zjYrWK_KIBDfQ9M3hwylGTNcNEOLL9EHoGW-MtlKEWEVcxxnuzPJR5VA0by42aIiIB1FFY.N21FdSA4PGU4nqjtS1h64U5oD662nSxlmucAoVqUhNk&dib_tag=se&keywords=acer&qid=1737872867&sr=8-11,https://m.media-amazon.com/images/I/71vFMKafmKL._AC_UY218_.jpg
acer,999.,4.2 out of 5 stars,58,https://www.amazon.com/Hexa-Core-GeForce-Display-Backlit-AN16-41-R148/dp/B0D3VJXSWK/ref=sr_1_12?dib=eyJ2IjoiMSJ9.QCbdaREb2EY-qWgubp3YFGQj3McpTHw70nZqgHwzETgFRg-GEaSYdRcZEsBKaR-VPxQvyCiTCrLb_yzxBeQoUvFPxz7Ep6XmOkwW3jmzBqAHCwNHTqRk-8JkBFKZ9SHzKzuOm0cZY4XcIM6m-FJXs9kNVs4uX7cJbcn97zjYrWK_KIBDfQ9M3hwylGTNcNEOLL9EHoGW-MtlKEWEVcxxnuzPJR5VA0by42aIiIB1FFY.N21FdSA4PGU4nqjtS1h64U5oD662nSxlmucAoVqUhNk&dib_tag=se&keywords=acer&qid=1737872867&sr=8-12,https://m.media-amazon.com/images/I/71F3UozqKYL._AC_UY218_.jpg
acer,,4.3 out of 5 stars,994,https://www.amazon.com/Acer-Aspire-A515-56-347N-Slim-Laptop/dp/B0BL86VM7F/ref=sr_1_13?dib=eyJ2IjoiMSJ9.QCbdaREb2EY-qWgubp3YFGQj3McpTHw70nZqgHwzETgFRg-GEaSYdRcZEsBKaR-VPxQvyCiTCrLb_yzxBeQoUvFPxz7Ep6XmOkwW3jmzBqAHCwNHTqRk-8JkBFKZ9SHzKzuOm0cZY4XcIM6m-FJXs9kNVs4uX7cJbcn97zjYrWK_KIBDfQ9M3hwylGTNcNEOLL9EHoGW-MtlKEWEVcxxnuzPJR5VA0by42aIiIB1FFY.N21FdSA4PGU4nqjtS1h64U5oD662nSxlmucAoVqUhNk&dib_tag=se&keywords=acer&qid=1737872867&sr=8-13,https://m.media-amazon.com/images/I/71pvhTrmZDL._AC_UY218_.jpg
acer,,4.3 out of 5 stars,54,https://www.amazon.com/acer-Aspire-Notebook-Ryzen-Windows/dp/B0CXB8V5HV/ref=sr_1_14?dib=eyJ2IjoiMSJ9.QCbdaREb2EY-qWgubp3YFGQj3McpTHw70nZqgHwzETgFRg-GEaSYdRcZEsBKaR-VPxQvyCiTCrLb_yzxBeQoUvFPxz7Ep6XmOkwW3jmzBqAHCwNHTqRk-8JkBFKZ9SHzKzuOm0cZY4XcIM6m-FJXs9kNVs4uX7cJbcn97zjYrWK_KIBDfQ9M3hwylGTNcNEOLL9EHoGW-MtlKEWEVcxxnuzPJR5VA0by42aIiIB1FFY.N21FdSA4PGU4nqjtS1h64U5oD662nSxlmucAoVqUhNk&dib_tag=se&keywords=acer&qid=1737872867&sr=8-14,https://m.media-amazon.com/images/I/511G5KO75QL._AC_UY218_.jpg
acer,79.,4.4 out of 5 stars,770,https://www.amazon.com/acer-Ultra-Slim-Adaptive-Sync-FreeSync-Compatible/dp/B0D2RW526R/ref=sr_1_15?dib=eyJ2IjoiMSJ9.QCbdaREb2EY-qWgubp3YFGQj3McpTHw70nZqgHwzETgFRg-GEaSYdRcZEsBKaR-VPxQvyCiTCrLb_yzxBeQoUvFPxz7Ep6XmOkwW3jmzBqAHCwNHTqRk-8JkBFKZ9SHzKzuOm0cZY4XcIM6m-FJXs9kNVs4uX7cJbcn97zjYrWK_KIBDfQ9M3hwylGTNcNEOLL9EHoGW-MtlKEWEVcxxnuzPJR5VA0by42aIiIB1FFY.N21FdSA4PGU4nqjtS1h64U5oD662nSxlmucAoVqUhNk&dib_tag=se&keywords=acer&qid=1737872867&sr=8-15,https://m.media-amazon.com/images/I/81aRnzRkLSL._AC_UY218_.jpg
acer,159.,4.5 out of 5 stars,592,https://www.amazon.com/Monitor-FreeSync-Premium-Refresh-Display/dp/B0CJVK87Y7/ref=sr_1_16?dib=eyJ2IjoiMSJ9.QCbdaREb2EY-qWgubp3YFGQj3McpTHw70nZqgHwzETgFRg-GEaSYdRcZEsBKaR-VPxQvyCiTCrLb_yzxBeQoUvFPxz7Ep6XmOkwW3jmzBqAHCwNHTqRk-8JkBFKZ9SHzKzuOm0cZY4XcIM6m-FJXs9kNVs4uX7cJbcn97zjYrWK_KIBDfQ9M3hwylGTNcNEOLL9EHoGW-MtlKEWEVcxxnuzPJR5VA0by42aIiIB1FFY.N21FdSA4PGU4nqjtS1h64U5oD662nSxlmucAoVqUhNk&dib_tag=se&keywords=acer&qid=1737872867&sr=8-16,https://m.media-amazon.com/images/I/51juMJRoVUL._AC_UY218_.jpg
